incident_id,user_prompt,raw_chat_logs,generated_summary,human_faithfulness_score,human_relevancy_score
INC001,"Summarize the major incident","User: Server down. DBAdmin: Oracle DB crashed at 10pm. Fixed by reboot.","Oracle database crashed at 10pm and was fixed by reboot.",5,5
INC002,"Summarize the major incident","User: Network slow. NetAdmin: Switch 4 failed. Swapped it.","Switch 4 failed causing network issues. Replaced router.",3,5
INC003,"Summarize the major incident","User: VPN offline. IT: Restarted VPN service.","VPN service was restarted to restore access.",5,5
INC004,"Provide root cause and resolution summary","SRE1: Payment-service CrashLoopBackOff in prod. SRE2: Checked logs, OOMKilled at 512MB limit. SRE1: Bumped container memory limit to 1GB in deployment.yaml and redeployed. SRE2: Pods running 2/2 healthy now.","Payment service experienced CrashLoopBackOff due to an OOMKilled error at 512MB limit. The issue was resolved by increasing the memory limit to 1GB and redeploying.",5,5
INC005,"Summarize the major incident","OnCall: Getting 502 Bad Gateway alerts on ingress-nginx. SecOps: Ingress SSL cert expired at 00:00 UTC. OnCall: Triggered cert-manager renewal and verified certificate secret updated. Traffic normal.","API gateway threw 502 Bad Gateway errors due to an expired SSL certificate at midnight. Resolved by triggering cert-manager renewal and updating the certificate secret.",5,5
INC006,"Provide root cause and resolution summary","Dev: Microservices cannot resolve external hostnames. CoreDNS pods failed on worker-node-2 after node drain. DevOps: Deleted stale CoreDNS pods to reschedule on healthy nodes. CoreDNS restored.","Microservices failed DNS resolution because CoreDNS pods crashed following a node drain. CoreDNS was restored and the cluster was upgraded to Kubernetes 1.28.",3,4
INC007,"Summarize the major incident","OpsLead: Disk usage on Kafka broker-3 hit 98%. DataEng: Topic telemetry-events retention was set to 7 days instead of 24h. OpsLead: Executed log retention cleanup purging segments older than 24 hours. Disk usage back to 42%.","Kafka broker-3 reached 98% disk capacity due to misconfigured 7-day retention on telemetry-events. The issue was resolved by purging logs older than 24 hours reducing disk usage to 42%.",5,5
INC008,"Provide root cause and resolution summary","AppDev: High response latency on user profile API. DBA: Redis cluster memory hit maxmemory 16GB with noeviction policy, rejecting write commands. DBA: Updated redis config to allkeys-lru eviction policy and latency dropped to 12ms.","User profile API experienced high latency because Redis reached its 16GB maxmemory with noeviction policy. The DBA updated the policy to allkeys-lru, restoring normal response latency.",5,5
INC009,"Summarize the major incident","NetOps: Massive packet drop across US-East transit. ISP Cogent sent an errant BGP route withdrawal. NetOps: Rerouted outbound traffic through Telia transit provider at border routers. Packet loss dropped to 0%.","The network team noticed a major power failure in the Virginia datacenter and replaced the faulty generator batteries.",1,2
INC010,"Provide root cause and resolution summary","Backend: Orders table locked up during flash sale. LeadDBA: Deadlock between transaction 8812 and 8814 updating inventory. LeadDBA: Killed blocking PID 4092 using pg_terminate_backend. Queued orders cleared.","Orders table locked during a flash sale due to transaction deadlocks on inventory. Resolved by terminating the blocking process PID 4092.",5,5
INC011,"Summarize the major incident","Frontend: Static assets returning 403 Forbidden globally. CloudEng: Terraform apply accidentally removed CloudFront Origin Access Identity from S3 bucket policy. CloudEng: Re-applied correct bucket policy granting OAI read access. CloudFront invalidated.","Static assets returned 403 Forbidden because a Terraform change removed the CloudFront Origin Access Identity from the S3 bucket policy. Restored by re-applying the policy.",5,5
INC012,"Provide root cause and resolution summary","SearchTeam: Elasticsearch cluster status turned YELLOW. Node-3 corrupted translog on index products_v2 shard 4. SearchTeam: Cleared translog and triggered shard allocation from primary replica. Cluster GREEN.","Elasticsearch turned yellow due to a corrupted shard translog on node-3. However, all product catalog data was permanently deleted from the cluster.",2,3
INC013,"Summarize the major incident","DevOps: All CI/CD GitHub Actions jobs stuck in queued state. CloudOps: AWS EC2 spot instance hosting self-hosted runner pool was terminated. CloudOps: Spot ASG auto-launched replacement m5.xlarge instance. Runners re-registered and jobs started running.","GitHub Actions CI/CD jobs were blocked because the self-hosted runner spot instance was terminated by AWS. The auto-scaling group provisioned a replacement instance and resumed builds.",5,5
INC014,"Provide root cause and resolution summary","SecTeam: Ingress controllers hit 100% CPU utilization. NetSec: Slowloris attack originating from 240 IP addresses sending slow partial HTTP headers. SecTeam: Configured client_header_timeout to 10s and enabled rate limiting in Nginx ingress controller. CPU normalized to 18%.","Ingress controllers experienced 100% CPU due to a Slowloris denial-of-service attack. Mitigated by setting client_header_timeout to 10s and enabling rate limiting.",4,5
INC015,"Summarize the major incident","QA: Staging worker nodes cannot communicate with RDS PostgreSQL staging database. SecLead: Security group audit script accidentally deleted inbound port 5432 rule. SecLead: Re-added inbound rule allowing staging CIDR on port 5432. Connections resumed.","A security audit will take place next month to review staging database compliance standards.",2,1
INC016,"Provide root cause and resolution summary","AppTeam: RabbitMQ broker refusing new AMQP connections with EMFILE error. DevOps: Notification service release v2.4.1 spawned unpooled AMQP channels exhausting file descriptors. DevOps: Rolled back notification service to v2.4.0 and restarted RabbitMQ service.","RabbitMQ threw EMFILE connection errors because notification service v2.4.1 leaked unpooled AMQP channels and exhausted file descriptors. Resolved by rolling back to v2.4.0 and restarting RabbitMQ.",5,5
INC017,"Summarize the major incident","Support: Multiple customers reporting 403 errors during checkout. SecOps: Cloudflare WAF custom rule 10045 falsely triggered on valid JSON checkout bodies containing SQL keywords. SecOps: Switched rule 10045 from BLOCK to LOG/SIMULATE mode. Checkout restored.","Checkout customers received 403 errors due to Cloudflare WAF rule 10045 misidentifying legitimate payloads. The rule was switched to simulate mode to restore checkouts.",5,5
INC018,"Provide root cause and resolution summary","Infra: ZooKeeper quorum lost between AZ-1 and AZ-2. NetworkTeam: Inter-AZ VPC peering connection dropped due to routing table deletion. NetworkTeam: Recreated VPC peering route and restarted ZooKeeper leader node on node-1. Quorum re-established.","ZooKeeper lost quorum due to dropped inter-AZ VPC peering routes. Resolved by recreating the VPC route and restarting the leader node.",5,5
INC019,"Summarize the major incident","DBA: MongoDB secondary replica lag exceeded 4 hours. DataEng: Unthrottled ETL job wrote 15 million records directly to primary. DBA: Throttled ETL batch rate and initiated resync on the secondary node. Replication lag normalized to 2 seconds.","MongoDB secondary replica lag spiked over 4 hours due to an unthrottled 15-million record ETL insert. Resolved by throttling the ETL job and resyncing the secondary node.",5,5
INC020,"Provide root cause and resolution summary","Billing: Stripe webhook events failing with 401 Signature Verification Failed. BackendLead: Stripe webhook signing secret expired and was not rotated in AWS Secrets Manager. BackendLead: Updated signing secret in Secrets Manager and triggered replay of 450 missed webhooks.","Stripe webhooks failed signature verification because the signing secret was not rotated in AWS Secrets Manager. Resolved by updating the secret and replaying 450 missed webhooks.",4,5